{
  "Ansi 5 Color" : {
    "Red Component" : 0.64283657073974609,
    "Color Space" : "Calibrated",
    "Blue Component" : 0.61571133136749268,
    "Alpha Component" : 1,
    "Green Component" : 0.47487166523933411
  },
  "Tags" : [

  ],
  "Ansi 12 Color" : {
    "Red Component" : 0.43401443958282471,
    "Color Space" : "Calibrated",
    "Blue Component" : 0.70459425449371338,
    "Alpha Component" : 1,
    "Green Component" : 0.56080448627471924
  },
  "Right Option Key Sends" : 2,
  "Cursor Color" : {
    "Red Component" : 0.81214714050292969,
    "Color Space" : "Calibrated",
    "Blue Component" : 0.89225924015045166,
    "Alpha Component" : 1,
    "Green Component" : 0.83857882022857666
  },
  "Bold Color" : {
    "Red Component" : 0.90727746486663818,
    "Color Space" : "Calibrated",
    "Blue Component" : 0.94574689865112305,
    "Alpha Component" : 1,
    "Green Component" : 0.92092084884643555
  },
  "Normal Font" : "FuraCodeNerdFontComplete-Retina 12",
  "Ansi 0 Color" : {
    "Red Component" : 0.17621420323848724,
    "Color Space" : "Calibrated",
    "Blue Component" : 0.25300124287605286,
    "Alpha Component" : 1,
    "Green Component" : 0.19692185521125793
  },
  "Guid" : "B1342279-E7CB-4A9D-A8B9-196969EC0BD4",
  "Rows" : 25,
  "Default Bookmark" : "No",
  "Horizontal Spacing" : 1,
  "Cursor Guide Color" : {
    "Red Component" : 0.17621420323848724,
    "Color Space" : "Calibrated",
    "Blue Component" : 0.25300124287605286,
    "Alpha Component" : 1,
    "Green Component" : 0.19692185521125793
  },
  "Non-ASCII Anti Aliased" : true,
  "Use Bright Bold" : false,
  "Ansi 10 Color" : {
    "Red Component" : 0.57605421543121338,
    "Color Space" : "Calibrated",
    "Blue Component" : 0.47597441077232361,
    "Alpha Component" : 1,
    "Green Component" : 0.7002110481262207
  },
  "Use Cursor Guide" : false,
  "Ambiguous Double Width" : false,
  "Jobs to Ignore" : [
    "rlogin",
    "ssh",
    "slogin",
    "telnet"
  ],
  "Show Status Bar" : true,
  "Ansi 15 Color" : {
    "Red Component" : 0.90727746486663818,
    "Color Space" : "Calibrated",
    "Blue Component" : 0.94574689865112305,
    "Alpha Component" : 1,
    "Green Component" : 0.92092084884643555
  },
  "Foreground Color" : {
    "Red Component" : 0.81214725971221924,
    "Color Space" : "Calibrated",
    "Blue Component" : 0.89225912094116211,
    "Alpha Component" : 1,
    "Green Component" : 0.83857882022857666
  },
  "Working Directory" : "\/Users\/weineng",
  "Blinking Cursor" : false,
  "Disable Window Resizing" : true,
  "Sync Title" : false,
  "Prompt Before Closing 2" : 0,
  "BM Growl" : true,
  "Command" : "\/bin\/zsh",
  "Description" : "Default",
  "Smart Cursor Color" : true,
  "Mouse Reporting" : true,
  "Screen" : -1,
  "Selection Color" : {
    "Red Component" : 0.23306176066398621,
    "Color Space" : "Calibrated",
    "Blue Component" : 0.34064260125160217,
    "Alpha Component" : 1,
    "Green Component" : 0.2652154266834259
  },
  "Columns" : 80,
  "Idle Code" : 0,
  "Hide After Opening" : false,
  "Ansi 13 Color" : {
    "Red Component" : 0.64283657073974609,
    "Color Space" : "Calibrated",
    "Blue Component" : 0.61571133136749268,
    "Alpha Component" : 1,
    "Green Component" : 0.47487166523933411
  },
  "Custom Command" : "Yes",
  "ASCII Anti Aliased" : true,
  "Non Ascii Font" : "Monaco 12",
  "Vertical Spacing" : 1.1000000000000001,
  "Use Bold Font" : true,
  "Option Key Sends" : 2,
  "Selected Text Color" : {
    "Red Component" : 0.81214714050292969,
    "Color Space" : "Calibrated",
    "Blue Component" : 0.89225924015045166,
    "Alpha Component" : 1,
    "Green Component" : 0.83857882022857666
  },
  "Background Color" : {
    "Red Component" : 0.10000000000000001,
    "Color Space" : "sRGB",
    "Blue Component" : 0.10000000000000001,
    "Alpha Component" : 1,
    "Green Component" : 0.10000000000000001
  },
  "Character Encoding" : 4,
  "Ansi 11 Color" : {
    "Red Component" : 0.89902019500732422,
    "Color Space" : "Calibrated",
    "Blue Component" : 0.47280269861221313,
    "Alpha Component" : 1,
    "Green Component" : 0.75577855110168457
  },
  "Use Italic Font" : true,
  "Unlimited Scrollback" : false,
  "Keyboard Map" : {
    "0x5e-0x60000" : {
      "Action" : 11,
      "Text" : "0x1e"
    },
    "0xf702-0x280000" : {
      "Action" : 10,
      "Text" : "b"
    },
    "0xf702-0x260000" : {
      "Action" : 11,
      "Text" : "0x1b 0x1b 0x5b 0x44"
    },
    "0xf703-0x280000" : {
      "Action" : 10,
      "Text" : "f"
    },
    "0xf70a-0x20000" : {
      "Action" : 10,
      "Text" : "[28~"
    },
    "0xf703-0x260000" : {
      "Action" : 10,
      "Text" : "[C"
    },
    "0xf702-0x220000" : {
      "Action" : 10,
      "Text" : "[D"
    },
    "0xf703-0x240000" : {
      "Action" : 10,
      "Text" : "[5C"
    },
    "0xf702-0x240000" : {
      "Action" : 10,
      "Text" : "[5D"
    },
    "0xf703-0x220000" : {
      "Action" : 10,
      "Text" : "[C"
    },
    "0xf700-0x280000" : {
      "Action" : 10,
      "Text" : "[A"
    },
    "0xf72b-0x20000" : {
      "Action" : 10,
      "Text" : "[F"
    },
    "0xf700-0x260000" : {
      "Action" : 10,
      "Text" : "[A"
    },
    "0xf701-0x280000" : {
      "Action" : 10,
      "Text" : "[B"
    },
    "0xf700-0x240000" : {
      "Action" : 10,
      "Text" : "[A"
    },
    "0xf701-0x260000" : {
      "Action" : 10,
      "Text" : "[B"
    },
    "0xf700-0x220000" : {
      "Action" : 10,
      "Text" : "[A"
    },
    "0xf701-0x240000" : {
      "Action" : 10,
      "Text" : "[B"
    },
    "0xf72b-0x40000" : {
      "Action" : 4,
      "Text" : ""
    },
    "0xf708-0x20000" : {
      "Action" : 10,
      "Text" : "[25~"
    },
    "0xf701-0x220000" : {
      "Action" : 10,
      "Text" : "[B"
    },
    "0x2d-0x40000" : {
      "Action" : 11,
      "Text" : "0x1f"
    },
    "0xf70b-0x20000" : {
      "Action" : 10,
      "Text" : "[29~"
    },
    "0xf709-0x20000" : {
      "Action" : 10,
      "Text" : "[26~"
    },
    "0xf729-0x20000" : {
      "Action" : 10,
      "Text" : "[H"
    },
    "0xf729-0x40000" : {
      "Action" : 5,
      "Text" : ""
    }
  },
  "Window Type" : 0,
  "Semantic History" : {
    "action" : "best editor",
    "text" : "",
    "editor" : "com.github.atom"
  },
  "Background Image Location" : "",
  "Blur" : false,
  "Badge Color" : {
    "Red Component" : 0.20252507925033569,
    "Color Space" : "Calibrated",
    "Blue Component" : 0.29600727558135986,
    "Alpha Component" : 0.7057952880859375,
    "Green Component" : 0.23046499490737915
  },
  "Scrollback Lines" : 1000,
  "Send Code When Idle" : false,
  "Close Sessions On End" : true,
  "Terminal Type" : "xterm-256color",
  "Visual Bell" : true,
  "Flashing Bell" : false,
  "Status Bar Layout" : {
    "components" : [
      {
        "class" : "iTermStatusBarUsernameComponent",
        "configuration" : {
          "knobs" : {
            "path" : "username",
            "base: priority" : 5,
            "base: compression resistance" : 1,
            "shared text color" : {
              "Red Component" : 0.90000000000000002,
              "Color Space" : "sRGB",
              "Blue Component" : 0.63,
              "Alpha Component" : 1,
              "Green Component" : 0.63
            }
          },
          "layout advanced configuration dictionary value" : {
            "font" : ".AppleSystemUIFont 12",
            "algorithm" : 1
          }
        }
      },
      {
        "class" : "iTermStatusBarHostnameComponent",
        "configuration" : {
          "knobs" : {
            "path" : "hostname",
            "base: priority" : 5,
            "base: compression resistance" : 1,
            "shared text color" : {
              "Red Component" : 0.90000000000000002,
              "Color Space" : "sRGB",
              "Blue Component" : 0.63,
              "Alpha Component" : 1,
              "Green Component" : 0.90000000000000002
            }
          },